candidate_id,candidate_name,email,phone,experience_years,current_location
1,Sneha Mehta,candidate1@email.com,9204759463,1.6,Noida
2,Neha Verma,candidate2@email.com,9518915308,11.8,Noida
3,Amit Agarwal,candidate3@email.com,9410771620,6.9,Hyderabad
4,Rohit Chatterjee,candidate4@email.com,9546285747,11.0,Pune
5,Isha Verma,candidate5@email.com,9274154148,14.7,Chennai
6,Priya Iyer,candidate6@email.com,9161721221,8.3,Mumbai
7,Rahul Gupta,candidate7@email.com,9993700223,7.8,Noida
8,Riya Das,candidate8@email.com,9880044350,1.5,Bangalore
9,Amit Reddy,candidate9@email.com,9415169448,4.4,Chennai
10,Amit Agarwal,candidate10@email.com,9254995883,7.7,Noida
11,Riya Verma,candidate11@email.com,9786990168,10.3,Chennai
12,Isha Patel,candidate12@email.com,9117210500,12.2,Noida
13,Ankit Verma,candidate13@email.com,9574711549,6.0,Chennai
14,Isha Banerjee,candidate14@email.com,9966534427,1.5,Noida
15,Rahul Reddy,candidate15@email.com,9645237962,4.7,Noida
16,Rahul Agarwal,candidate16@email.com,9466044987,13.7,Chennai
17,Kunal Joshi,candidate17@email.com,9648450606,3.6,Chennai
18,Riya Mehta,candidate18@email.com,9250477863,7.1,Mumbai
19,Swati Patel,candidate19@email.com,9575676478,14.0,Pune
20,Isha Joshi,candidate20@email.com,9102064836,0.9,Hyderabad
21,Swati Kulkarni,candidate21@email.com,9947788901,9.2,Chennai
22,Rohit Iyer,candidate22@email.com,9993615994,14.3,Pune
23,Pooja Patel,candidate23@email.com,9665418135,3.8,Mumbai
24,Swati Gupta,candidate24@email.com,9407513715,8.5,Mumbai
25,Isha Verma,candidate25@email.com,9299523377,13.7,Mumbai
26,Shreya Iyer,candidate26@email.com,9486653577,2.4,Hyderabad
27,Kavya Agarwal,candidate27@email.com,9567345470,8.1,Mumbai
28,Riya Singh,candidate28@email.com,9143537978,11.4,Bangalore
29,Anjali Malhotra,candidate29@email.com,9539096571,10.2,Chennai
30,Pooja Joshi,candidate30@email.com,9334360175,7.3,Mumbai
31,Ankit Kulkarni,candidate31@email.com,9397262470,3.5,Bangalore
32,Ankit Gupta,candidate32@email.com,9713471490,7.6,Hyderabad
33,Isha Joshi,candidate33@email.com,9294010619,5.9,Hyderabad
34,Priya Kapoor,candidate34@email.com,9248256359,7.4,Bangalore
35,Sneha Malhotra,candidate35@email.com,9293412982,5.8,Hyderabad
36,Nikhil Gupta,candidate36@email.com,9660120358,12.6,Hyderabad
37,Rohit Bansal,candidate37@email.com,9927259823,11.6,Bangalore
38,Riya Kulkarni,candidate38@email.com,9347411883,5.1,Chennai
39,Sneha Mehta,candidate39@email.com,9864094322,8.8,Noida
40,Kavya Das,candidate40@email.com,9288578590,4.5,Hyderabad
41,Rahul Gupta,candidate41@email.com,9311217379,7.1,Pune
42,Swati Singh,candidate42@email.com,9744945147,5.6,Mumbai
43,Sneha Chatterjee,candidate43@email.com,9185111977,10.0,Hyderabad
44,Shreya Kapoor,candidate44@email.com,9990100717,5.9,Pune
45,Isha Malhotra,candidate45@email.com,9193867594,7.2,Pune
46,Amit Gupta,candidate46@email.com,9753431780,10.9,Mumbai
47,Karthik Kapoor,candidate47@email.com,9884743535,6.5,Noida
48,Amit Verma,candidate48@email.com,9632017958,13.6,Pune
49,Nikhil Malhotra,candidate49@email.com,9917417808,3.1,Pune
50,Nikhil Banerjee,candidate50@email.com,9394085485,11.2,Noida
51,Pooja Sharma,candidate51@email.com,9288246217,6.6,Noida
52,Anjali Chatterjee,candidate52@email.com,9321225083,6.7,Chennai
53,Suresh Patel,candidate53@email.com,9247146467,9.7,Chennai
54,Kavya Verma,candidate54@email.com,9757595267,8.1,Bangalore
55,Vikas Joshi,candidate55@email.com,9819299147,6.5,Hyderabad
56,Kunal Reddy,candidate56@email.com,9859948938,0.5,Hyderabad
57,Neha Banerjee,candidate57@email.com,9774787311,1.8,Hyderabad
58,Kavya Gupta,candidate58@email.com,9971431382,10.8,Noida
59,Suresh Malhotra,candidate59@email.com,9306351586,8.1,Chennai
60,Neha Agarwal,candidate60@email.com,9725919650,10.6,Mumbai
61,Karthik Mehta,candidate61@email.com,9430760126,14.4,Hyderabad
62,Riya Agarwal,candidate62@email.com,9317208140,10.4,Mumbai
63,Karthik Das,candidate63@email.com,9110776448,1.3,Pune
64,Pooja Banerjee,candidate64@email.com,9170539785,5.0,Bangalore
65,Ankit Mehta,candidate65@email.com,9843290238,9.1,Noida
66,Amit Kulkarni,candidate66@email.com,9886747013,3.9,Bangalore
67,Kunal Reddy,candidate67@email.com,9657875434,14.5,Pune
68,Ankit Sharma,candidate68@email.com,9538218710,14.2,Hyderabad
69,Kavya Kulkarni,candidate69@email.com,9874872196,12.8,Pune
70,Karthik Joshi,candidate70@email.com,9159455019,7.3,Mumbai
71,Aarav Mehta,candidate71@email.com,9656691305,12.7,Mumbai
72,Riya Agarwal,candidate72@email.com,9970425754,2.4,Pune
73,Pooja Singh,candidate73@email.com,9473277065,5.0,Hyderabad
74,Kunal Bansal,candidate74@email.com,9459939092,7.2,Pune
75,Shreya Verma,candidate75@email.com,9402535092,11.3,Hyderabad
76,Anjali Agarwal,candidate76@email.com,9786315337,7.5,Hyderabad
77,Neha Banerjee,candidate77@email.com,9629373090,2.5,Hyderabad
78,Neha Banerjee,candidate78@email.com,9196991092,5.5,Chennai
79,Rohit Kapoor,candidate79@email.com,9116584093,5.2,Bangalore
80,Neha Verma,candidate80@email.com,9539715280,4.9,Hyderabad
81,Vikas Gupta,candidate81@email.com,9919244255,2.9,Hyderabad
82,Vikas Malhotra,candidate82@email.com,9611760758,6.5,Mumbai
83,Suresh Patel,candidate83@email.com,9243110392,7.0,Bangalore
84,Sneha Verma,candidate84@email.com,9814556114,11.7,Chennai
85,Rohit Sharma,candidate85@email.com,9385894014,12.0,Noida
86,Isha Mehta,candidate86@email.com,9366653025,8.1,Bangalore
87,Swati Patel,candidate87@email.com,9299771993,7.2,Bangalore
88,Pooja Sharma,candidate88@email.com,9704653657,11.8,Hyderabad
89,Amit Iyer,candidate89@email.com,9992948204,13.4,Bangalore
90,Shreya Banerjee,candidate90@email.com,9494171607,10.3,Mumbai
91,Kunal Naik,candidate91@email.com,9139374990,12.1,Bangalore
92,Pooja Chatterjee,candidate92@email.com,9275543988,14.1,Pune
93,Kavya Patel,candidate93@email.com,9854042986,1.1,Bangalore
94,Rohit Kapoor,candidate94@email.com,9498535728,13.2,Chennai
95,Anjali Kapoor,candidate95@email.com,9717315357,4.5,Noida
96,Kavya Joshi,candidate96@email.com,9738763690,7.4,Hyderabad
97,Amit Mehta,candidate97@email.com,9104981608,12.1,Mumbai
98,Rohit Singh,candidate98@email.com,9482420536,10.9,Mumbai
99,Karthik Kapoor,candidate99@email.com,9658155684,2.6,Chennai
100,Suresh Bansal,candidate100@email.com,9578639080,10.1,Chennai
101,Aarav Iyer,candidate101@email.com,9653648588,1.5,Chennai
102,Priya Chatterjee,candidate102@email.com,9176602663,5.7,Pune
103,Kunal Agarwal,candidate103@email.com,9229677902,12.3,Chennai
104,Aarav Bansal,candidate104@email.com,9483023280,6.7,Pune
105,Nikhil Gupta,candidate105@email.com,9867285119,9.2,Chennai
106,Karthik Bansal,candidate106@email.com,9362772598,11.1,Pune
107,Pooja Kulkarni,candidate107@email.com,9976748340,12.4,Mumbai
108,Pooja Reddy,candidate108@email.com,9991254256,11.5,Mumbai
109,Swati Agarwal,candidate109@email.com,9444648337,0.6,Bangalore
110,Priya Singh,candidate110@email.com,9936578407,6.6,Noida
111,Ankit Iyer,candidate111@email.com,9863630617,7.2,Bangalore
112,Ankit Banerjee,candidate112@email.com,9509513450,1.3,Noida
113,Ankit Iyer,candidate113@email.com,9718810062,8.4,Noida
114,Priya Kapoor,candidate114@email.com,9906719419,9.3,Hyderabad
115,Pooja Sharma,candidate115@email.com,9165721593,12.5,Hyderabad
116,Aarav Naik,candidate116@email.com,9413040477,14.2,Chennai
117,Kavya Naik,candidate117@email.com,9215629703,2.4,Pune
118,Vikas Chatterjee,candidate118@email.com,9884847183,3.8,Mumbai
119,Anjali Chatterjee,candidate119@email.com,9631291252,10.1,Noida
120,Pooja Gupta,candidate120@email.com,9579360082,2.4,Pune
121,Ankit Patel,candidate121@email.com,9651166785,3.7,Noida
122,Ankit Kapoor,candidate122@email.com,9127532715,8.8,Mumbai
123,Vikas Singh,candidate123@email.com,9669631314,3.0,Hyderabad
124,Vikas Kapoor,candidate124@email.com,9963827604,11.8,Bangalore
125,Shreya Sharma,candidate125@email.com,9676955254,12.9,Hyderabad
126,Kavya Chatterjee,candidate126@email.com,9244280441,1.0,Pune
127,Amit Patel,candidate127@email.com,9122213362,8.2,Noida
128,Neha Iyer,candidate128@email.com,9361496728,12.1,Pune
129,Kavya Kulkarni,candidate129@email.com,9195118706,14.6,Bangalore
130,Riya Singh,candidate130@email.com,9340194954,4.5,Pune
131,Amit Banerjee,candidate131@email.com,9764731106,3.0,Chennai
132,Anjali Banerjee,candidate132@email.com,9295843880,13.2,Noida
133,Amit Kulkarni,candidate133@email.com,9280260241,13.7,Pune
134,Suresh Mehta,candidate134@email.com,9210246887,3.4,Pune
135,Aarav Mehta,candidate135@email.com,9434913932,6.9,Hyderabad
136,Isha Malhotra,candidate136@email.com,9368927314,10.9,Noida
137,Kunal Kapoor,candidate137@email.com,9696313505,12.8,Pune
138,Pooja Mehta,candidate138@email.com,9977412079,2.9,Bangalore
139,Swati Agarwal,candidate139@email.com,9132291234,10.1,Bangalore
140,Kunal Sharma,candidate140@email.com,9120885531,12.2,Chennai
141,Aarav Patel,candidate141@email.com,9203585363,8.5,Pune
142,Priya Mehta,candidate142@email.com,9850510397,2.9,Hyderabad
143,Riya Iyer,candidate143@email.com,9893225274,1.0,Hyderabad
144,Vikas Sharma,candidate144@email.com,9309470851,4.6,Pune
145,Karthik Iyer,candidate145@email.com,9380696835,12.2,Hyderabad
146,Nikhil Bansal,candidate146@email.com,9118991640,1.1,Bangalore
147,Ankit Singh,candidate147@email.com,9999078236,0.6,Noida
148,Karthik Agarwal,candidate148@email.com,9743598979,5.7,Hyderabad
149,Riya Mehta,candidate149@email.com,9783798727,1.4,Hyderabad
150,Rahul Chatterjee,candidate150@email.com,9718993403,2.7,Chennai
151,Anjali Bansal,candidate151@email.com,9598151891,0.8,Chennai
152,Riya Bansal,candidate152@email.com,9661471702,8.1,Mumbai
153,Kunal Agarwal,candidate153@email.com,9355945010,10.6,Bangalore
154,Kunal Bansal,candidate154@email.com,9854459690,6.7,Bangalore
155,Priya Sharma,candidate155@email.com,9576969375,2.5,Noida
156,Anjali Kulkarni,candidate156@email.com,9210449992,5.3,Hyderabad
157,Shreya Sharma,candidate157@email.com,9476561007,9.1,Noida
158,Kunal Kulkarni,candidate158@email.com,9200831097,14.1,Bangalore
159,Kunal Kapoor,candidate159@email.com,9869978265,14.9,Bangalore
160,Shreya Patel,candidate160@email.com,9292169045,4.0,Noida
161,Swati Verma,candidate161@email.com,9148501589,0.7,Noida
162,Sneha Bansal,candidate162@email.com,9393145555,12.5,Hyderabad
163,Priya Agarwal,candidate163@email.com,9232123033,13.9,Noida
164,Kavya Patel,candidate164@email.com,9599123896,7.1,Mumbai
165,Swati Verma,candidate165@email.com,9629990279,11.7,Noida
166,Ankit Iyer,candidate166@email.com,9729107570,13.1,Hyderabad
167,Karthik Verma,candidate167@email.com,9637682160,9.3,Chennai
168,Rohit Bansal,candidate168@email.com,9917666606,13.2,Noida
169,Anjali Agarwal,candidate169@email.com,9400242741,0.8,Chennai
170,Aarav Gupta,candidate170@email.com,9218154554,4.4,Noida
171,Anjali Singh,candidate171@email.com,9231036642,4.5,Hyderabad
172,Shreya Bansal,candidate172@email.com,9230505856,2.2,Noida
173,Shreya Bansal,candidate173@email.com,9535563923,13.7,Pune
174,Vikas Naik,candidate174@email.com,9247053919,0.9,Pune
175,Anjali Bansal,candidate175@email.com,9681536088,10.3,Chennai
176,Swati Kapoor,candidate176@email.com,9735453384,1.5,Mumbai
177,Priya Reddy,candidate177@email.com,9344204474,5.7,Mumbai
178,Priya Naik,candidate178@email.com,9343775036,6.6,Noida
179,Swati Iyer,candidate179@email.com,9258076841,3.1,Bangalore
180,Anjali Mehta,candidate180@email.com,9818092351,8.1,Pune
181,Riya Patel,candidate181@email.com,9715083796,8.3,Pune
182,Neha Malhotra,candidate182@email.com,9596127478,5.1,Hyderabad
183,Sneha Gupta,candidate183@email.com,9901632584,11.2,Pune
184,Ankit Das,candidate184@email.com,9525859202,2.8,Bangalore
185,Amit Iyer,candidate185@email.com,9276440519,3.3,Pune
186,Nikhil Patel,candidate186@email.com,9986925607,5.6,Chennai
187,Kunal Chatterjee,candidate187@email.com,9119873677,6.0,Noida
188,Kunal Naik,candidate188@email.com,9781816911,3.5,Mumbai
189,Kunal Malhotra,candidate189@email.com,9517411494,13.8,Mumbai
190,Ankit Patel,candidate190@email.com,9845036422,12.5,Chennai
191,Neha Kapoor,candidate191@email.com,9551491337,2.0,Chennai
192,Suresh Reddy,candidate192@email.com,9741067056,5.9,Mumbai
193,Suresh Das,candidate193@email.com,9747241072,3.9,Bangalore
194,Priya Banerjee,candidate194@email.com,9664375267,7.0,Pune
195,Sneha Das,candidate195@email.com,9138877267,4.5,Chennai
196,Vikas Chatterjee,candidate196@email.com,9524808207,7.8,Hyderabad
197,Sneha Gupta,candidate197@email.com,9155797793,13.9,Chennai
198,Pooja Sharma,candidate198@email.com,9934197686,6.0,Pune
199,Sneha Agarwal,candidate199@email.com,9490041769,9.9,Pune
200,Anjali Malhotra,candidate200@email.com,9463513748,9.1,Hyderabad
201,Aarav Banerjee,candidate201@email.com,9530255655,11.4,Mumbai
202,Sneha Bansal,candidate202@email.com,9358102928,1.4,Bangalore
203,Shreya Joshi,candidate203@email.com,9459792135,11.3,Hyderabad
204,Priya Gupta,candidate204@email.com,9868292938,14.2,Hyderabad
205,Rohit Reddy,candidate205@email.com,9567702481,9.3,Bangalore
206,Rohit Gupta,candidate206@email.com,9706046246,4.7,Chennai
207,Karthik Naik,candidate207@email.com,9963694781,10.2,Mumbai
208,Rahul Kulkarni,candidate208@email.com,9444273498,10.8,Mumbai
209,Karthik Mehta,candidate209@email.com,9975145968,10.0,Chennai
210,Riya Naik,candidate210@email.com,9530132437,2.6,Pune
211,Neha Mehta,candidate211@email.com,9702455836,14.6,Hyderabad
212,Swati Bansal,candidate212@email.com,9157502286,14.4,Chennai
213,Isha Kapoor,candidate213@email.com,9448836991,6.7,Mumbai
214,Sneha Gupta,candidate214@email.com,9655526638,9.1,Bangalore
215,Karthik Verma,candidate215@email.com,9257441918,1.1,Chennai
216,Suresh Das,candidate216@email.com,9830320501,14.8,Pune
217,Amit Naik,candidate217@email.com,9479481664,12.4,Chennai
218,Aarav Gupta,candidate218@email.com,9367667133,9.7,Mumbai
219,Karthik Gupta,candidate219@email.com,9553265228,11.5,Chennai
220,Shreya Reddy,candidate220@email.com,9812017949,3.2,Chennai
221,Amit Naik,candidate221@email.com,9779345525,5.0,Hyderabad
222,Rohit Malhotra,candidate222@email.com,9112406542,4.1,Pune
223,Aarav Singh,candidate223@email.com,9491305848,9.1,Pune
224,Swati Das,candidate224@email.com,9217065209,1.8,Mumbai
225,Karthik Mehta,candidate225@email.com,9669940365,13.5,Bangalore
226,Rahul Bansal,candidate226@email.com,9301322066,7.2,Hyderabad
227,Ankit Patel,candidate227@email.com,9174371887,6.9,Bangalore
228,Suresh Naik,candidate228@email.com,9448268431,2.0,Mumbai
229,Rahul Kulkarni,candidate229@email.com,9564973733,10.4,Hyderabad
230,Vikas Joshi,candidate230@email.com,9315591108,12.3,Chennai
231,Nikhil Bansal,candidate231@email.com,9641997657,9.6,Noida
232,Vikas Joshi,candidate232@email.com,9818484007,4.0,Pune
233,Anjali Bansal,candidate233@email.com,9122363828,11.9,Noida
234,Suresh Naik,candidate234@email.com,9342105641,2.6,Noida
235,Pooja Sharma,candidate235@email.com,9249686801,12.5,Chennai
236,Karthik Verma,candidate236@email.com,9551753215,8.9,Mumbai
237,Aarav Sharma,candidate237@email.com,9526330948,4.7,Chennai
238,Priya Agarwal,candidate238@email.com,9933845971,7.9,Bangalore
239,Vikas Bansal,candidate239@email.com,9587190301,9.6,Hyderabad
240,Kavya Reddy,candidate240@email.com,9779905692,4.2,Hyderabad
241,Anjali Patel,candidate241@email.com,9150210165,12.8,Noida
242,Riya Kapoor,candidate242@email.com,9968945529,6.6,Mumbai
243,Swati Banerjee,candidate243@email.com,9143236140,13.4,Pune
244,Priya Joshi,candidate244@email.com,9136908431,12.6,Hyderabad
245,Vikas Reddy,candidate245@email.com,9788885210,1.9,Hyderabad
246,Sneha Iyer,candidate246@email.com,9766714113,9.9,Noida
247,Kunal Banerjee,candidate247@email.com,9385370508,5.0,Bangalore
248,Pooja Verma,candidate248@email.com,9828468245,11.4,Bangalore
249,Kunal Sharma,candidate249@email.com,9769446580,8.4,Chennai
250,Amit Naik,candidate250@email.com,9393596567,7.1,Hyderabad
251,Riya Kulkarni,candidate251@email.com,9774577592,13.5,Noida
252,Rahul Gupta,candidate252@email.com,9682241266,1.3,Bangalore
253,Neha Bansal,candidate253@email.com,9965790050,8.6,Noida
254,Nikhil Reddy,candidate254@email.com,9138417035,5.3,Mumbai
255,Nikhil Verma,candidate255@email.com,9767070469,1.0,Pune
256,Anjali Kulkarni,candidate256@email.com,9207915561,11.4,Bangalore
257,Suresh Naik,candidate257@email.com,9369059453,8.6,Bangalore
258,Anjali Sharma,candidate258@email.com,9230673949,13.5,Pune
259,Karthik Chatterjee,candidate259@email.com,9658673243,9.2,Noida
260,Sneha Agarwal,candidate260@email.com,9114675086,5.4,Noida
261,Sneha Reddy,candidate261@email.com,9565672458,14.8,Bangalore
262,Rahul Joshi,candidate262@email.com,9354103511,2.2,Bangalore
263,Vikas Chatterjee,candidate263@email.com,9142325699,1.3,Noida
264,Suresh Sharma,candidate264@email.com,9408725305,11.1,Hyderabad
265,Sneha Banerjee,candidate265@email.com,9221379889,5.9,Bangalore
266,Amit Kapoor,candidate266@email.com,9427933360,5.7,Noida
267,Karthik Bansal,candidate267@email.com,9473182834,13.2,Hyderabad
268,Vikas Reddy,candidate268@email.com,9795269415,5.2,Pune
269,Priya Sharma,candidate269@email.com,9279291529,13.4,Hyderabad
270,Amit Naik,candidate270@email.com,9229258394,9.8,Noida
271,Amit Mehta,candidate271@email.com,9164788806,5.3,Chennai
272,Neha Verma,candidate272@email.com,9738113126,1.4,Bangalore
273,Neha Sharma,candidate273@email.com,9651665857,4.1,Bangalore
274,Nikhil Joshi,candidate274@email.com,9388204683,14.5,Noida
275,Ankit Gupta,candidate275@email.com,9190703328,6.4,Mumbai
276,Isha Bansal,candidate276@email.com,9600811739,2.8,Hyderabad
277,Kunal Banerjee,candidate277@email.com,9733774138,4.8,Bangalore
278,Sneha Kapoor,candidate278@email.com,9673197199,13.5,Pune
279,Kunal Joshi,candidate279@email.com,9259351162,2.9,Hyderabad
280,Shreya Mehta,candidate280@email.com,9572421861,11.8,Bangalore
281,Rahul Bansal,candidate281@email.com,9233058139,2.5,Noida
282,Riya Bansal,candidate282@email.com,9649361169,14.4,Pune
283,Kunal Bansal,candidate283@email.com,9241056709,8.2,Pune
284,Priya Sharma,candidate284@email.com,9415250019,1.1,Mumbai
285,Isha Reddy,candidate285@email.com,9536523328,14.0,Chennai
286,Amit Sharma,candidate286@email.com,9719919428,5.7,Pune
287,Rahul Mehta,candidate287@email.com,9409567443,11.1,Noida
288,Pooja Patel,candidate288@email.com,9394325533,8.1,Mumbai
289,Neha Malhotra,candidate289@email.com,9361349503,1.8,Bangalore
290,Swati Verma,candidate290@email.com,9890199728,2.0,Chennai
291,Aarav Agarwal,candidate291@email.com,9194325239,2.7,Pune
292,Ankit Kapoor,candidate292@email.com,9895002293,2.8,Bangalore
293,Karthik Sharma,candidate293@email.com,9686600834,1.3,Mumbai
294,Anjali Gupta,candidate294@email.com,9408343670,1.2,Mumbai
295,Priya Agarwal,candidate295@email.com,9587630578,14.3,Pune
296,Amit Bansal,candidate296@email.com,9754931617,1.8,Hyderabad
297,Amit Kapoor,candidate297@email.com,9846072973,7.9,Bangalore
298,Karthik Gupta,candidate298@email.com,9712225291,2.2,Noida
299,Karthik Reddy,candidate299@email.com,9337958424,3.6,Noida
300,Vikas Reddy,candidate300@email.com,9798315881,11.6,Hyderabad
301,Anjali Kapoor,candidate301@email.com,9515163836,14.1,Hyderabad
302,Neha Gupta,candidate302@email.com,9316028117,7.3,Pune
303,Kavya Joshi,candidate303@email.com,9689026983,0.6,Pune
304,Rahul Iyer,candidate304@email.com,9862743066,15.0,Mumbai
305,Amit Mehta,candidate305@email.com,9493863266,1.2,Noida
306,Sneha Naik,candidate306@email.com,9594869809,6.1,Noida
307,Nikhil Mehta,candidate307@email.com,9688442461,8.3,Hyderabad
308,Aarav Kapoor,candidate308@email.com,9426096737,13.4,Chennai
309,Rahul Kapoor,candidate309@email.com,9757988648,12.4,Noida
310,Karthik Patel,candidate310@email.com,9613093816,9.3,Chennai
311,Vikas Kapoor,candidate311@email.com,9603547969,6.3,Noida
312,Nikhil Bansal,candidate312@email.com,9979200933,12.6,Mumbai
313,Nikhil Malhotra,candidate313@email.com,9433401718,13.1,Hyderabad
314,Anjali Malhotra,candidate314@email.com,9133245564,13.1,Hyderabad
315,Rohit Agarwal,candidate315@email.com,9360118730,10.9,Noida
316,Vikas Joshi,candidate316@email.com,9458271607,1.9,Hyderabad
317,Amit Kapoor,candidate317@email.com,9337920353,4.8,Mumbai
318,Aarav Joshi,candidate318@email.com,9302726844,7.5,Chennai
319,Anjali Gupta,candidate319@email.com,9650238460,7.8,Noida
320,Priya Malhotra,candidate320@email.com,9686172413,12.6,Chennai
321,Karthik Banerjee,candidate321@email.com,9511427442,3.9,Chennai
322,Vikas Iyer,candidate322@email.com,9728872672,10.1,Noida
323,Amit Gupta,candidate323@email.com,9525689647,5.9,Noida
324,Kunal Bansal,candidate324@email.com,9112754056,11.7,Hyderabad
325,Karthik Chatterjee,candidate325@email.com,9478658174,3.3,Bangalore
326,Kunal Bansal,candidate326@email.com,9274262382,7.4,Bangalore
327,Karthik Patel,candidate327@email.com,9356131950,2.0,Hyderabad
328,Pooja Reddy,candidate328@email.com,9447841361,3.6,Chennai
329,Kavya Kapoor,candidate329@email.com,9697701823,14.1,Bangalore
330,Neha Sharma,candidate330@email.com,9449479090,5.1,Bangalore
331,Suresh Sharma,candidate331@email.com,9627644630,13.4,Pune
332,Kavya Malhotra,candidate332@email.com,9389832876,8.1,Mumbai
333,Neha Joshi,candidate333@email.com,9405823126,1.1,Chennai
334,Kunal Das,candidate334@email.com,9332079657,12.0,Pune
335,Pooja Banerjee,candidate335@email.com,9417295280,1.3,Bangalore
336,Sneha Patel,candidate336@email.com,9161104002,12.5,Bangalore
337,Sneha Sharma,candidate337@email.com,9929066775,0.6,Hyderabad
338,Sneha Singh,candidate338@email.com,9123392326,10.3,Pune
339,Neha Patel,candidate339@email.com,9270259676,2.9,Mumbai
340,Vikas Sharma,candidate340@email.com,9691769757,5.5,Noida
341,Nikhil Naik,candidate341@email.com,9171724684,14.3,Pune
342,Pooja Gupta,candidate342@email.com,9750606214,7.6,Pune
343,Neha Banerjee,candidate343@email.com,9473656691,10.0,Pune
344,Isha Gupta,candidate344@email.com,9572431504,11.2,Mumbai
345,Pooja Das,candidate345@email.com,9806219622,2.1,Bangalore
346,Karthik Verma,candidate346@email.com,9166590099,12.7,Noida
347,Karthik Patel,candidate347@email.com,9655119805,13.8,Hyderabad
348,Rahul Joshi,candidate348@email.com,9516490698,2.8,Bangalore
349,Kunal Reddy,candidate349@email.com,9995855040,8.4,Hyderabad
350,Karthik Das,candidate350@email.com,9572335970,4.6,Noida
351,Priya Singh,candidate351@email.com,9480226277,11.2,Chennai
352,Vikas Chatterjee,candidate352@email.com,9889643697,0.9,Hyderabad
353,Riya Sharma,candidate353@email.com,9919099398,7.9,Pune
354,Neha Agarwal,candidate354@email.com,9217300116,12.0,Chennai
355,Swati Iyer,candidate355@email.com,9659343486,11.2,Noida
356,Amit Verma,candidate356@email.com,9341771282,2.1,Bangalore
357,Riya Malhotra,candidate357@email.com,9827631093,12.6,Pune
358,Shreya Mehta,candidate358@email.com,9893105613,3.9,Noida
359,Nikhil Kapoor,candidate359@email.com,9265916315,12.2,Pune
360,Rahul Agarwal,candidate360@email.com,9547483818,7.7,Mumbai
361,Kunal Kulkarni,candidate361@email.com,9461867934,2.8,Chennai
362,Kavya Das,candidate362@email.com,9817520248,11.1,Noida
363,Sneha Joshi,candidate363@email.com,9478444807,12.2,Hyderabad
364,Nikhil Naik,candidate364@email.com,9250675203,10.6,Noida
365,Karthik Banerjee,candidate365@email.com,9825145069,14.5,Bangalore
366,Ankit Joshi,candidate366@email.com,9317424709,4.2,Chennai
367,Kavya Agarwal,candidate367@email.com,9761743464,3.9,Bangalore
368,Neha Patel,candidate368@email.com,9755794835,2.6,Noida
369,Suresh Kulkarni,candidate369@email.com,9397155339,8.3,Bangalore
370,Amit Iyer,candidate370@email.com,9981749954,6.3,Mumbai
371,Priya Kapoor,candidate371@email.com,9655949811,5.7,Pune
372,Swati Reddy,candidate372@email.com,9202061027,7.2,Pune
373,Anjali Singh,candidate373@email.com,9893244612,4.5,Mumbai
374,Anjali Das,candidate374@email.com,9898089683,0.6,Bangalore
375,Kunal Agarwal,candidate375@email.com,9915715393,7.3,Pune
376,Vikas Reddy,candidate376@email.com,9610283362,4.5,Mumbai
377,Amit Kulkarni,candidate377@email.com,9388495795,7.0,Chennai
378,Sneha Agarwal,candidate378@email.com,9942825328,14.0,Hyderabad
379,Amit Singh,candidate379@email.com,9777174333,3.1,Noida
380,Ankit Chatterjee,candidate380@email.com,9860801941,9.7,Bangalore
381,Karthik Iyer,candidate381@email.com,9778748974,9.8,Noida
382,Aarav Das,candidate382@email.com,9855379358,4.6,Bangalore
383,Neha Das,candidate383@email.com,9236657955,7.3,Pune
384,Priya Iyer,candidate384@email.com,9543491668,14.6,Mumbai
385,Neha Naik,candidate385@email.com,9210978217,5.5,Hyderabad
386,Sneha Verma,candidate386@email.com,9104642655,10.8,Hyderabad
387,Kavya Naik,candidate387@email.com,9540682785,12.7,Hyderabad
388,Isha Chatterjee,candidate388@email.com,9922139818,5.7,Pune
389,Kunal Bansal,candidate389@email.com,9690500409,14.9,Chennai
390,Priya Iyer,candidate390@email.com,9729035071,9.6,Hyderabad
391,Amit Naik,candidate391@email.com,9226108588,7.8,Chennai
392,Ankit Banerjee,candidate392@email.com,9634598000,10.9,Mumbai
393,Neha Malhotra,candidate393@email.com,9526805305,6.6,Pune
394,Riya Joshi,candidate394@email.com,9714136266,10.8,Pune
395,Aarav Mehta,candidate395@email.com,9260667315,4.5,Chennai
396,Rahul Das,candidate396@email.com,9548727590,13.9,Chennai
397,Kavya Kapoor,candidate397@email.com,9941476572,8.4,Pune
398,Aarav Gupta,candidate398@email.com,9399905291,4.0,Mumbai
399,Neha Bansal,candidate399@email.com,9767222710,6.8,Bangalore
400,Anjali Malhotra,candidate400@email.com,9752119630,13.5,Bangalore
401,Ankit Patel,candidate401@email.com,9219213343,12.2,Noida
402,Ankit Mehta,candidate402@email.com,9507551937,7.5,Hyderabad
403,Kunal Bansal,candidate403@email.com,9585635426,5.6,Chennai
404,Rohit Malhotra,candidate404@email.com,9843720192,6.0,Hyderabad
405,Amit Agarwal,candidate405@email.com,9591668966,14.7,Hyderabad
406,Rahul Sharma,candidate406@email.com,9409305312,2.1,Bangalore
407,Kunal Reddy,candidate407@email.com,9876380617,13.4,Chennai
408,Isha Verma,candidate408@email.com,9478621465,12.9,Mumbai
409,Nikhil Mehta,candidate409@email.com,9414519217,3.8,Chennai
410,Karthik Bansal,candidate410@email.com,9478981125,5.6,Noida
411,Riya Patel,candidate411@email.com,9519494236,8.8,Bangalore
412,Rohit Gupta,candidate412@email.com,9664918775,12.1,Bangalore
413,Nikhil Bansal,candidate413@email.com,9696304302,14.3,Pune
414,Isha Iyer,candidate414@email.com,9739327891,14.9,Hyderabad
415,Neha Naik,candidate415@email.com,9512854700,4.6,Hyderabad
416,Ankit Sharma,candidate416@email.com,9796000725,3.3,Mumbai
417,Aarav Agarwal,candidate417@email.com,9445738178,7.6,Pune
418,Nikhil Malhotra,candidate418@email.com,9107260639,8.6,Chennai
419,Karthik Singh,candidate419@email.com,9945118490,10.0,Chennai
420,Ankit Kapoor,candidate420@email.com,9900772663,2.1,Pune
421,Priya Reddy,candidate421@email.com,9636387520,9.9,Chennai
422,Swati Reddy,candidate422@email.com,9508745674,13.9,Pune
423,Aarav Das,candidate423@email.com,9576774558,13.8,Chennai
424,Nikhil Verma,candidate424@email.com,9422146964,14.2,Pune
425,Aarav Iyer,candidate425@email.com,9297795686,13.9,Hyderabad
426,Kavya Das,candidate426@email.com,9676464355,14.4,Pune
427,Amit Naik,candidate427@email.com,9426452646,1.2,Hyderabad
428,Ankit Das,candidate428@email.com,9962163825,13.8,Pune
429,Pooja Reddy,candidate429@email.com,9255682488,4.4,Mumbai
430,Kavya Verma,candidate430@email.com,9567771192,5.1,Hyderabad
431,Sneha Das,candidate431@email.com,9717866267,7.1,Noida
432,Pooja Banerjee,candidate432@email.com,9504799657,14.4,Bangalore
433,Vikas Sharma,candidate433@email.com,9724469329,9.3,Hyderabad
434,Nikhil Bansal,candidate434@email.com,9349040740,5.6,Pune
435,Amit Iyer,candidate435@email.com,9194413825,5.9,Bangalore
436,Kavya Iyer,candidate436@email.com,9982227070,13.6,Mumbai
437,Nikhil Iyer,candidate437@email.com,9454421761,12.4,Mumbai
438,Ankit Malhotra,candidate438@email.com,9447749449,2.5,Bangalore
439,Ankit Naik,candidate439@email.com,9752926607,4.1,Pune
440,Nikhil Patel,candidate440@email.com,9999959831,5.9,Chennai
441,Shreya Kapoor,candidate441@email.com,9360546533,3.6,Noida
442,Shreya Kulkarni,candidate442@email.com,9449845410,8.7,Pune
443,Ankit Kapoor,candidate443@email.com,9319375683,3.7,Noida
444,Riya Verma,candidate444@email.com,9557894264,8.8,Hyderabad
445,Shreya Mehta,candidate445@email.com,9111480744,14.1,Bangalore
446,Neha Verma,candidate446@email.com,9127461197,12.8,Noida
447,Vikas Sharma,candidate447@email.com,9150940546,1.9,Pune
448,Shreya Mehta,candidate448@email.com,9375467042,3.5,Hyderabad
449,Riya Verma,candidate449@email.com,9706594044,6.5,Hyderabad
450,Rahul Kulkarni,candidate450@email.com,9634011906,9.9,Noida
451,Neha Malhotra,candidate451@email.com,9421928118,6.1,Pune
452,Sneha Patel,candidate452@email.com,9676003402,4.1,Noida
453,Amit Kulkarni,candidate453@email.com,9930519543,5.5,Pune
454,Sneha Iyer,candidate454@email.com,9435456934,3.5,Hyderabad
455,Suresh Bansal,candidate455@email.com,9678209551,13.0,Bangalore
456,Anjali Verma,candidate456@email.com,9765711510,10.6,Noida
457,Nikhil Banerjee,candidate457@email.com,9569396705,6.5,Bangalore
458,Pooja Singh,candidate458@email.com,9655605472,10.7,Hyderabad
459,Anjali Kulkarni,candidate459@email.com,9986563103,8.0,Chennai
460,Rohit Sharma,candidate460@email.com,9655409742,8.1,Chennai
461,Amit Naik,candidate461@email.com,9880734170,5.8,Mumbai
462,Amit Chatterjee,candidate462@email.com,9835757833,7.6,Pune
463,Riya Patel,candidate463@email.com,9561769420,14.8,Pune
464,Swati Iyer,candidate464@email.com,9518241313,11.9,Chennai
465,Neha Chatterjee,candidate465@email.com,9598482979,12.5,Pune
466,Nikhil Das,candidate466@email.com,9484090395,2.3,Mumbai
467,Amit Verma,candidate467@email.com,9143714103,7.8,Hyderabad
468,Kavya Iyer,candidate468@email.com,9738576294,5.8,Mumbai
469,Pooja Agarwal,candidate469@email.com,9826092590,1.8,Noida
470,Anjali Iyer,candidate470@email.com,9476998023,6.2,Pune
471,Sneha Chatterjee,candidate471@email.com,9586474845,1.6,Bangalore
472,Kavya Sharma,candidate472@email.com,9111144973,3.9,Bangalore
473,Riya Reddy,candidate473@email.com,9826361879,12.1,Noida
474,Neha Verma,candidate474@email.com,9173303275,10.5,Noida
475,Neha Verma,candidate475@email.com,9663981016,10.6,Pune
476,Anjali Gupta,candidate476@email.com,9346178667,1.7,Bangalore
477,Rahul Naik,candidate477@email.com,9206264226,2.9,Chennai
478,Vikas Gupta,candidate478@email.com,9539717789,0.8,Hyderabad
479,Shreya Singh,candidate479@email.com,9502025682,1.9,Hyderabad
480,Pooja Naik,candidate480@email.com,9637846739,2.0,Bangalore
481,Sneha Verma,candidate481@email.com,9530456310,14.4,Bangalore
482,Karthik Singh,candidate482@email.com,9796360585,13.5,Hyderabad
483,Karthik Joshi,candidate483@email.com,9702732810,3.5,Pune
484,Aarav Gupta,candidate484@email.com,9716386628,4.2,Hyderabad
485,Aarav Reddy,candidate485@email.com,9265592898,14.4,Mumbai
486,Rohit Kapoor,candidate486@email.com,9302093455,8.8,Mumbai
487,Anjali Banerjee,candidate487@email.com,9552287235,5.8,Pune
488,Karthik Das,candidate488@email.com,9622604174,7.3,Pune
489,Kavya Mehta,candidate489@email.com,9531258546,4.4,Bangalore
490,Kavya Kulkarni,candidate490@email.com,9572621824,9.0,Chennai
491,Aarav Joshi,candidate491@email.com,9923912230,11.0,Noida
492,Kunal Reddy,candidate492@email.com,9770663614,8.0,Pune
493,Sneha Singh,candidate493@email.com,9730718850,12.4,Bangalore
494,Anjali Chatterjee,candidate494@email.com,9468593747,2.1,Pune
495,Shreya Gupta,candidate495@email.com,9842576360,9.3,Mumbai
496,Priya Iyer,candidate496@email.com,9669232212,14.8,Mumbai
497,Neha Kulkarni,candidate497@email.com,9901513467,2.7,Mumbai
498,Ankit Das,candidate498@email.com,9976051000,7.7,Hyderabad
499,Amit Verma,candidate499@email.com,9199044929,9.6,Noida
500,Kavya Agarwal,candidate500@email.com,9283311698,5.4,Bangalore
501,Swati Singh,candidate501@email.com,9489464295,14.5,Bangalore
502,Suresh Das,candidate502@email.com,9441533390,7.5,Mumbai
503,Rohit Gupta,candidate503@email.com,9493695718,7.4,Noida
504,Karthik Gupta,candidate504@email.com,9180624330,13.6,Pune
505,Vikas Patel,candidate505@email.com,9986942220,0.7,Hyderabad
506,Riya Kapoor,candidate506@email.com,9433536416,13.1,Hyderabad
507,Anjali Kulkarni,candidate507@email.com,9650393199,2.4,Mumbai
508,Ankit Mehta,candidate508@email.com,9288533840,6.0,Bangalore
509,Riya Malhotra,candidate509@email.com,9218661068,7.6,Mumbai
510,Shreya Reddy,candidate510@email.com,9804295026,7.4,Noida
511,Swati Patel,candidate511@email.com,9416668524,1.1,Noida
512,Nikhil Joshi,candidate512@email.com,9840760722,5.1,Hyderabad
513,Karthik Naik,candidate513@email.com,9468674729,5.7,Mumbai
514,Pooja Naik,candidate514@email.com,9981063847,14.4,Noida
515,Karthik Iyer,candidate515@email.com,9646406119,13.8,Chennai
516,Anjali Reddy,candidate516@email.com,9551924124,9.0,Hyderabad
517,Suresh Reddy,candidate517@email.com,9777639817,14.0,Chennai
518,Ankit Mehta,candidate518@email.com,9267932847,13.0,Bangalore
519,Nikhil Iyer,candidate519@email.com,9662702029,5.9,Noida
520,Sneha Gupta,candidate520@email.com,9411306072,2.2,Mumbai
521,Neha Naik,candidate521@email.com,9976348037,9.3,Hyderabad
522,Ankit Bansal,candidate522@email.com,9649332909,5.2,Noida
523,Priya Reddy,candidate523@email.com,9323117315,0.6,Chennai
524,Rohit Malhotra,candidate524@email.com,9642118699,14.7,Chennai
525,Rahul Patel,candidate525@email.com,9301979612,14.6,Mumbai
526,Aarav Kapoor,candidate526@email.com,9542660391,8.3,Pune
527,Ankit Malhotra,candidate527@email.com,9295861161,9.5,Chennai
528,Pooja Verma,candidate528@email.com,9164606944,10.2,Bangalore
529,Nikhil Reddy,candidate529@email.com,9776562780,13.9,Hyderabad
530,Rohit Verma,candidate530@email.com,9706612149,7.3,Pune
531,Vikas Iyer,candidate531@email.com,9747603381,9.0,Noida
532,Amit Chatterjee,candidate532@email.com,9214482613,3.8,Chennai
533,Priya Kulkarni,candidate533@email.com,9479228680,4.0,Chennai
534,Anjali Naik,candidate534@email.com,9711890001,8.1,Bangalore
535,Aarav Patel,candidate535@email.com,9777872933,3.8,Hyderabad
536,Shreya Chatterjee,candidate536@email.com,9783449962,0.9,Chennai
537,Vikas Verma,candidate537@email.com,9876170138,5.8,Hyderabad
538,Pooja Singh,candidate538@email.com,9145433964,11.4,Hyderabad
539,Kunal Verma,candidate539@email.com,9842749262,4.5,Noida
540,Vikas Naik,candidate540@email.com,9541756313,13.0,Hyderabad
541,Rahul Iyer,candidate541@email.com,9111525253,10.7,Mumbai
542,Aarav Singh,candidate542@email.com,9945717365,10.0,Mumbai
543,Riya Chatterjee,candidate543@email.com,9102983956,13.4,Pune
544,Suresh Joshi,candidate544@email.com,9429360048,1.6,Pune
545,Amit Iyer,candidate545@email.com,9863041546,3.1,Bangalore
546,Rahul Kapoor,candidate546@email.com,9841631198,13.7,Chennai
547,Swati Kapoor,candidate547@email.com,9693706602,13.7,Mumbai
548,Amit Das,candidate548@email.com,9104201628,1.6,Mumbai
549,Rohit Banerjee,candidate549@email.com,9426907814,11.7,Pune
550,Swati Mehta,candidate550@email.com,9526883345,0.7,Chennai
551,Swati Gupta,candidate551@email.com,9205760556,2.5,Mumbai
552,Suresh Banerjee,candidate552@email.com,9729427929,2.1,Chennai
553,Karthik Das,candidate553@email.com,9116579715,4.8,Chennai
554,Nikhil Joshi,candidate554@email.com,9817373790,6.1,Chennai
555,Riya Verma,candidate555@email.com,9131709843,13.7,Bangalore
556,Nikhil Chatterjee,candidate556@email.com,9311151760,6.8,Chennai
557,Riya Das,candidate557@email.com,9288113338,2.3,Bangalore
558,Aarav Chatterjee,candidate558@email.com,9634574524,4.4,Mumbai
559,Vikas Banerjee,candidate559@email.com,9925671248,0.6,Chennai
560,Neha Iyer,candidate560@email.com,9694047401,0.9,Hyderabad
561,Aarav Das,candidate561@email.com,9708840203,6.8,Chennai
562,Suresh Das,candidate562@email.com,9385635235,7.9,Mumbai
563,Rohit Gupta,candidate563@email.com,9794508426,4.1,Bangalore
564,Neha Chatterjee,candidate564@email.com,9670681587,6.0,Chennai
565,Anjali Kulkarni,candidate565@email.com,9652263992,2.0,Chennai
566,Kunal Sharma,candidate566@email.com,9254315508,10.1,Bangalore
567,Rahul Agarwal,candidate567@email.com,9716830021,6.2,Chennai
568,Kunal Banerjee,candidate568@email.com,9313188416,2.8,Mumbai
569,Amit Chatterjee,candidate569@email.com,9541415762,7.7,Hyderabad
570,Priya Kulkarni,candidate570@email.com,9746115404,3.5,Pune
571,Kunal Chatterjee,candidate571@email.com,9230461078,4.7,Pune
572,Nikhil Kulkarni,candidate572@email.com,9256072579,2.3,Noida
573,Priya Kulkarni,candidate573@email.com,9268331396,11.8,Chennai
574,Amit Patel,candidate574@email.com,9656653359,4.6,Noida
575,Neha Kapoor,candidate575@email.com,9915502492,14.4,Hyderabad
576,Vikas Joshi,candidate576@email.com,9647058666,6.4,Noida
577,Kunal Verma,candidate577@email.com,9214510418,2.8,Mumbai
578,Kavya Singh,candidate578@email.com,9131175186,10.7,Chennai
579,Rahul Banerjee,candidate579@email.com,9207485442,11.1,Mumbai
580,Amit Kulkarni,candidate580@email.com,9181744047,13.3,Pune
581,Ankit Banerjee,candidate581@email.com,9283111403,2.4,Noida
582,Shreya Iyer,candidate582@email.com,9661024883,12.0,Bangalore
583,Kavya Kulkarni,candidate583@email.com,9626591622,13.0,Mumbai
584,Isha Iyer,candidate584@email.com,9983840736,4.9,Bangalore
585,Rahul Banerjee,candidate585@email.com,9601993205,7.1,Noida
586,Priya Kulkarni,candidate586@email.com,9758208298,9.5,Bangalore
587,Neha Chatterjee,candidate587@email.com,9562376094,4.1,Pune
588,Rohit Mehta,candidate588@email.com,9966080228,13.1,Hyderabad
589,Ankit Iyer,candidate589@email.com,9959313405,10.6,Hyderabad
590,Rahul Agarwal,candidate590@email.com,9166695718,12.9,Chennai
591,Rahul Singh,candidate591@email.com,9798039842,7.0,Chennai
592,Rohit Banerjee,candidate592@email.com,9113412378,8.0,Mumbai
593,Shreya Malhotra,candidate593@email.com,9835045640,3.3,Mumbai
594,Swati Joshi,candidate594@email.com,9927405023,5.1,Noida
595,Riya Joshi,candidate595@email.com,9721527842,11.1,Mumbai
596,Isha Reddy,candidate596@email.com,9446627424,14.4,Mumbai
597,Riya Banerjee,candidate597@email.com,9254540594,2.7,Chennai
598,Pooja Malhotra,candidate598@email.com,9868216882,1.2,Mumbai
599,Priya Malhotra,candidate599@email.com,9355832865,1.5,Chennai
600,Suresh Sharma,candidate600@email.com,9479937964,6.8,Mumbai
601,Aarav Kapoor,candidate601@email.com,9395759790,12.0,Pune
602,Anjali Reddy,candidate602@email.com,9281907571,3.8,Mumbai
603,Anjali Malhotra,candidate603@email.com,9135315796,7.4,Mumbai
604,Suresh Kapoor,candidate604@email.com,9386270360,8.0,Chennai
605,Neha Patel,candidate605@email.com,9775059602,12.6,Noida
606,Amit Mehta,candidate606@email.com,9206789765,2.9,Chennai
607,Pooja Das,candidate607@email.com,9725195172,0.7,Chennai
608,Pooja Gupta,candidate608@email.com,9167669938,7.8,Bangalore
609,Anjali Bansal,candidate609@email.com,9474621624,5.7,Hyderabad
610,Priya Verma,candidate610@email.com,9305785630,4.7,Chennai
611,Rahul Mehta,candidate611@email.com,9583010316,11.7,Noida
612,Amit Singh,candidate612@email.com,9770017936,10.4,Pune
613,Priya Gupta,candidate613@email.com,9514095622,1.7,Mumbai
614,Rahul Bansal,candidate614@email.com,9120989875,8.4,Hyderabad
615,Neha Mehta,candidate615@email.com,9158710999,12.1,Hyderabad
616,Aarav Gupta,candidate616@email.com,9336274649,13.7,Pune
617,Shreya Patel,candidate617@email.com,9525194437,0.5,Hyderabad
618,Vikas Mehta,candidate618@email.com,9725628685,12.2,Bangalore
619,Kavya Joshi,candidate619@email.com,9920398756,1.1,Pune
620,Suresh Reddy,candidate620@email.com,9147162616,10.4,Pune
621,Amit Chatterjee,candidate621@email.com,9572061016,9.2,Mumbai
622,Shreya Naik,candidate622@email.com,9158609544,14.3,Pune
623,Suresh Singh,candidate623@email.com,9765911105,9.7,Pune
624,Shreya Naik,candidate624@email.com,9355864701,1.5,Noida
625,Anjali Mehta,candidate625@email.com,9367715446,10.2,Mumbai
626,Karthik Bansal,candidate626@email.com,9339336509,4.2,Hyderabad
627,Kavya Iyer,candidate627@email.com,9147221835,12.6,Mumbai
628,Isha Naik,candidate628@email.com,9271156695,1.0,Bangalore
629,Shreya Bansal,candidate629@email.com,9730283517,5.2,Noida
630,Ankit Singh,candidate630@email.com,9286327683,10.3,Noida
631,Pooja Verma,candidate631@email.com,9438006949,2.8,Mumbai
632,Vikas Kulkarni,candidate632@email.com,9106617834,9.9,Mumbai
633,Neha Kulkarni,candidate633@email.com,9976064642,10.6,Mumbai
634,Karthik Singh,candidate634@email.com,9589028558,11.1,Pune
635,Neha Kulkarni,candidate635@email.com,9426070212,13.2,Pune
636,Karthik Patel,candidate636@email.com,9549228269,6.5,Hyderabad
637,Priya Verma,candidate637@email.com,9746985850,2.6,Chennai
638,Pooja Malhotra,candidate638@email.com,9370548266,4.3,Noida
639,Swati Bansal,candidate639@email.com,9632094761,6.2,Bangalore
640,Isha Patel,candidate640@email.com,9172505428,1.3,Noida
641,Karthik Agarwal,candidate641@email.com,9360841799,10.8,Pune
642,Neha Chatterjee,candidate642@email.com,9827225698,1.4,Mumbai
643,Karthik Banerjee,candidate643@email.com,9518539576,1.3,Pune
644,Pooja Mehta,candidate644@email.com,9824679137,14.0,Chennai
645,Pooja Singh,candidate645@email.com,9871446735,12.2,Bangalore
646,Amit Malhotra,candidate646@email.com,9727945923,4.2,Noida
647,Ankit Kulkarni,candidate647@email.com,9337724643,5.5,Noida
648,Shreya Verma,candidate648@email.com,9543986830,12.5,Chennai
649,Nikhil Bansal,candidate649@email.com,9431955744,9.5,Pune
650,Karthik Joshi,candidate650@email.com,9527991277,4.3,Hyderabad
651,Isha Singh,candidate651@email.com,9864261711,7.0,Bangalore
652,Aarav Verma,candidate652@email.com,9620109355,12.9,Bangalore
653,Ankit Mehta,candidate653@email.com,9124080269,0.5,Chennai
654,Nikhil Das,candidate654@email.com,9951215748,14.9,Bangalore
655,Riya Bansal,candidate655@email.com,9361339057,8.7,Mumbai
656,Pooja Verma,candidate656@email.com,9193915520,3.1,Pune
657,Kunal Kapoor,candidate657@email.com,9286259413,12.1,Chennai
658,Ankit Verma,candidate658@email.com,9282454833,1.6,Pune
659,Aarav Verma,candidate659@email.com,9484824829,6.4,Bangalore
660,Aarav Chatterjee,candidate660@email.com,9506958105,8.8,Pune
661,Nikhil Patel,candidate661@email.com,9300309527,4.1,Chennai
662,Priya Chatterjee,candidate662@email.com,9108194396,13.3,Chennai
663,Swati Reddy,candidate663@email.com,9412137432,10.6,Pune
664,Riya Joshi,candidate664@email.com,9525230624,2.8,Mumbai
665,Isha Mehta,candidate665@email.com,9702942573,2.7,Chennai
666,Vikas Chatterjee,candidate666@email.com,9489699908,1.4,Noida
667,Shreya Kapoor,candidate667@email.com,9223358279,8.8,Hyderabad
668,Suresh Mehta,candidate668@email.com,9459719105,3.2,Chennai
669,Aarav Reddy,candidate669@email.com,9673110216,8.4,Noida
670,Kunal Malhotra,candidate670@email.com,9514032032,12.4,Bangalore
671,Rohit Gupta,candidate671@email.com,9460648771,13.2,Noida
672,Kunal Naik,candidate672@email.com,9532928484,2.2,Bangalore
673,Neha Naik,candidate673@email.com,9799308506,5.3,Bangalore
674,Aarav Verma,candidate674@email.com,9170273099,6.6,Pune
675,Swati Chatterjee,candidate675@email.com,9232380747,6.1,Pune
676,Shreya Malhotra,candidate676@email.com,9553416500,6.6,Bangalore
677,Shreya Bansal,candidate677@email.com,9986723133,7.2,Noida
678,Kavya Reddy,candidate678@email.com,9477149188,11.5,Chennai
679,Suresh Sharma,candidate679@email.com,9694682258,4.9,Hyderabad
680,Rahul Verma,candidate680@email.com,9362998070,5.5,Chennai
681,Swati Sharma,candidate681@email.com,9515928494,6.2,Pune
682,Neha Kulkarni,candidate682@email.com,9305294595,2.7,Hyderabad
683,Ankit Kulkarni,candidate683@email.com,9601452306,9.6,Pune
684,Rahul Patel,candidate684@email.com,9404499076,6.3,Hyderabad
685,Aarav Agarwal,candidate685@email.com,9469881564,13.8,Hyderabad
686,Vikas Mehta,candidate686@email.com,9354664395,12.4,Mumbai
687,Riya Iyer,candidate687@email.com,9567696642,3.8,Noida
688,Priya Bansal,candidate688@email.com,9137490590,4.0,Noida
689,Riya Kulkarni,candidate689@email.com,9399716608,11.8,Mumbai
690,Priya Joshi,candidate690@email.com,9813259238,8.6,Noida
691,Amit Joshi,candidate691@email.com,9127148689,0.6,Bangalore
692,Rahul Kapoor,candidate692@email.com,9466598112,9.6,Pune
693,Swati Sharma,candidate693@email.com,9964223680,6.2,Chennai
694,Neha Das,candidate694@email.com,9267389248,11.9,Chennai
695,Anjali Gupta,candidate695@email.com,9359630459,11.3,Pune
696,Anjali Kulkarni,candidate696@email.com,9857923353,13.9,Noida
697,Ankit Patel,candidate697@email.com,9239441588,10.6,Chennai
698,Karthik Reddy,candidate698@email.com,9199462111,13.7,Noida
699,Rahul Patel,candidate699@email.com,9310771500,4.6,Pune
700,Sneha Naik,candidate700@email.com,9389553448,5.4,Bangalore
701,Rahul Naik,candidate701@email.com,9685045649,1.4,Chennai
702,Swati Das,candidate702@email.com,9996582928,13.1,Pune
703,Priya Naik,candidate703@email.com,9945530555,2.7,Mumbai
704,Nikhil Iyer,candidate704@email.com,9237218214,8.5,Hyderabad
705,Amit Bansal,candidate705@email.com,9695900689,7.9,Bangalore
706,Aarav Kulkarni,candidate706@email.com,9575999072,12.3,Noida
707,Karthik Reddy,candidate707@email.com,9601494153,6.1,Mumbai
708,Vikas Kulkarni,candidate708@email.com,9997986600,2.6,Hyderabad
709,Sneha Iyer,candidate709@email.com,9953558927,6.1,Mumbai
710,Neha Singh,candidate710@email.com,9964297351,1.2,Pune
711,Shreya Reddy,candidate711@email.com,9357896050,4.9,Mumbai
712,Neha Agarwal,candidate712@email.com,9270963324,9.6,Mumbai
713,Kavya Kapoor,candidate713@email.com,9495048033,1.3,Hyderabad
714,Priya Sharma,candidate714@email.com,9478943536,14.9,Bangalore
715,Aarav Das,candidate715@email.com,9332439504,8.3,Chennai
716,Ankit Joshi,candidate716@email.com,9875742278,4.9,Chennai
717,Vikas Banerjee,candidate717@email.com,9535028744,12.6,Pune
718,Shreya Gupta,candidate718@email.com,9504686425,2.5,Mumbai
719,Isha Kulkarni,candidate719@email.com,9775752695,5.2,Bangalore
720,Kunal Verma,candidate720@email.com,9723567662,14.1,Pune
721,Aarav Patel,candidate721@email.com,9323401599,4.0,Noida
722,Rohit Kulkarni,candidate722@email.com,9419173651,11.1,Bangalore
723,Pooja Mehta,candidate723@email.com,9611051589,1.7,Bangalore
724,Aarav Sharma,candidate724@email.com,9642056791,8.2,Mumbai
725,Rahul Mehta,candidate725@email.com,9319521672,10.0,Pune
726,Rahul Gupta,candidate726@email.com,9344032518,3.5,Chennai
727,Rahul Gupta,candidate727@email.com,9586074502,5.3,Chennai
728,Isha Chatterjee,candidate728@email.com,9825100509,8.5,Pune
729,Vikas Agarwal,candidate729@email.com,9240600966,9.1,Pune
730,Amit Banerjee,candidate730@email.com,9858569788,2.7,Chennai
731,Rohit Reddy,candidate731@email.com,9379988707,6.5,Chennai
732,Vikas Iyer,candidate732@email.com,9739899796,15.0,Bangalore
733,Rohit Verma,candidate733@email.com,9572818748,5.2,Noida
734,Rahul Gupta,candidate734@email.com,9730891768,11.9,Bangalore
735,Nikhil Kapoor,candidate735@email.com,9495132423,3.4,Mumbai
736,Rohit Mehta,candidate736@email.com,9674087961,7.2,Noida
737,Rohit Iyer,candidate737@email.com,9364409614,8.0,Mumbai
738,Nikhil Singh,candidate738@email.com,9533953439,9.1,Pune
739,Sneha Das,candidate739@email.com,9753053667,10.9,Chennai
740,Karthik Sharma,candidate740@email.com,9647816540,12.0,Chennai
741,Pooja Naik,candidate741@email.com,9328215190,10.7,Hyderabad
742,Nikhil Verma,candidate742@email.com,9234772491,12.2,Noida
743,Pooja Singh,candidate743@email.com,9906039263,13.3,Bangalore
744,Shreya Bansal,candidate744@email.com,9231843560,5.2,Pune
745,Kavya Joshi,candidate745@email.com,9827841091,12.5,Noida
746,Shreya Sharma,candidate746@email.com,9650859676,8.0,Bangalore
747,Riya Sharma,candidate747@email.com,9198214612,4.3,Hyderabad
748,Riya Bansal,candidate748@email.com,9682604623,3.0,Bangalore
749,Rohit Chatterjee,candidate749@email.com,9390349587,11.6,Chennai
750,Kavya Verma,candidate750@email.com,9890207748,9.7,Noida
751,Swati Iyer,candidate751@email.com,9928654165,1.5,Hyderabad
752,Amit Joshi,candidate752@email.com,9921211479,9.0,Hyderabad
753,Suresh Das,candidate753@email.com,9513194798,1.1,Chennai
754,Aarav Bansal,candidate754@email.com,9130834435,6.2,Bangalore
755,Vikas Joshi,candidate755@email.com,9806008300,8.8,Hyderabad
756,Rahul Sharma,candidate756@email.com,9871190890,9.9,Bangalore
757,Pooja Kapoor,candidate757@email.com,9709542808,2.8,Chennai
758,Rohit Kapoor,candidate758@email.com,9255767532,1.2,Bangalore
759,Suresh Kapoor,candidate759@email.com,9433707105,8.9,Chennai
760,Isha Chatterjee,candidate760@email.com,9116106509,12.4,Chennai
761,Priya Naik,candidate761@email.com,9518689330,12.1,Hyderabad
762,Isha Kulkarni,candidate762@email.com,9863113303,5.7,Bangalore
763,Nikhil Iyer,candidate763@email.com,9192381485,8.9,Noida
764,Ankit Kapoor,candidate764@email.com,9845889116,10.9,Chennai
765,Suresh Patel,candidate765@email.com,9290102983,13.2,Pune
766,Amit Kapoor,candidate766@email.com,9933371692,7.6,Bangalore
767,Swati Patel,candidate767@email.com,9348640713,13.2,Chennai
768,Sneha Chatterjee,candidate768@email.com,9444711028,5.1,Pune
769,Rohit Banerjee,candidate769@email.com,9302201076,3.7,Mumbai
770,Neha Gupta,candidate770@email.com,9811621107,4.8,Noida
771,Riya Sharma,candidate771@email.com,9216996327,11.1,Chennai
772,Pooja Iyer,candidate772@email.com,9173101206,13.3,Pune
773,Nikhil Naik,candidate773@email.com,9703432879,7.3,Hyderabad
774,Riya Agarwal,candidate774@email.com,9488138612,10.6,Bangalore
775,Priya Kulkarni,candidate775@email.com,9964555813,2.5,Hyderabad
776,Neha Reddy,candidate776@email.com,9637263417,7.9,Noida
777,Anjali Mehta,candidate777@email.com,9914383264,6.8,Mumbai
778,Swati Verma,candidate778@email.com,9418856908,6.8,Pune
779,Pooja Singh,candidate779@email.com,9307043572,3.2,Mumbai
780,Priya Mehta,candidate780@email.com,9170771388,9.5,Hyderabad
781,Anjali Agarwal,candidate781@email.com,9871718449,10.2,Hyderabad
782,Sneha Kulkarni,candidate782@email.com,9434226348,9.7,Hyderabad
783,Anjali Malhotra,candidate783@email.com,9194424996,11.3,Chennai
784,Karthik Reddy,candidate784@email.com,9343121803,7.1,Hyderabad
785,Kunal Singh,candidate785@email.com,9409847745,12.9,Bangalore
786,Anjali Reddy,candidate786@email.com,9235433820,8.8,Noida
787,Priya Iyer,candidate787@email.com,9977065413,13.3,Pune
788,Karthik Joshi,candidate788@email.com,9869542275,6.4,Noida
789,Shreya Mehta,candidate789@email.com,9528393728,10.7,Mumbai
790,Kunal Reddy,candidate790@email.com,9403186103,3.4,Bangalore
791,Sneha Bansal,candidate791@email.com,9482142921,1.7,Pune
792,Pooja Kulkarni,candidate792@email.com,9533123990,14.0,Mumbai
793,Ankit Singh,candidate793@email.com,9598714886,5.9,Chennai
794,Vikas Naik,candidate794@email.com,9932146481,1.2,Bangalore
795,Rohit Kulkarni,candidate795@email.com,9774347459,9.5,Bangalore
796,Rohit Iyer,candidate796@email.com,9774976432,14.0,Hyderabad
797,Neha Mehta,candidate797@email.com,9241914153,11.7,Hyderabad
798,Kunal Joshi,candidate798@email.com,9396912199,14.8,Noida
799,Nikhil Das,candidate799@email.com,9289401012,14.1,Mumbai
800,Karthik Iyer,candidate800@email.com,9131754916,7.1,Mumbai
801,Rohit Patel,candidate801@email.com,9493614244,3.9,Mumbai
802,Karthik Iyer,candidate802@email.com,9829741399,1.4,Mumbai
803,Neha Malhotra,candidate803@email.com,9958339652,4.4,Pune
804,Rahul Sharma,candidate804@email.com,9812546379,9.7,Chennai
805,Neha Das,candidate805@email.com,9841905633,13.7,Hyderabad
806,Ankit Bansal,candidate806@email.com,9477344075,0.5,Mumbai
807,Nikhil Malhotra,candidate807@email.com,9542994378,12.4,Bangalore
808,Aarav Mehta,candidate808@email.com,9127126589,11.6,Mumbai
809,Karthik Banerjee,candidate809@email.com,9807664110,10.5,Mumbai
810,Aarav Reddy,candidate810@email.com,9855684855,2.4,Noida
811,Riya Das,candidate811@email.com,9850812476,1.3,Noida
812,Ankit Reddy,candidate812@email.com,9596693324,11.2,Chennai
813,Suresh Patel,candidate813@email.com,9366740014,9.8,Chennai
814,Anjali Das,candidate814@email.com,9530062122,5.9,Bangalore
815,Sneha Naik,candidate815@email.com,9478079012,5.5,Noida
816,Rohit Das,candidate816@email.com,9775198102,1.0,Noida
817,Ankit Banerjee,candidate817@email.com,9204902320,14.9,Bangalore
818,Suresh Naik,candidate818@email.com,9295052612,12.6,Pune
819,Riya Kapoor,candidate819@email.com,9412970492,14.6,Hyderabad
820,Anjali Sharma,candidate820@email.com,9223729111,12.4,Noida
821,Shreya Das,candidate821@email.com,9390864005,7.2,Pune
822,Priya Kulkarni,candidate822@email.com,9753819400,12.8,Pune
823,Sneha Sharma,candidate823@email.com,9888183830,3.4,Hyderabad
824,Neha Kapoor,candidate824@email.com,9335355479,10.3,Pune
825,Rohit Verma,candidate825@email.com,9865134546,3.9,Mumbai
826,Karthik Agarwal,candidate826@email.com,9827372639,6.2,Noida
827,Vikas Kulkarni,candidate827@email.com,9143434850,13.1,Noida
828,Vikas Bansal,candidate828@email.com,9534502949,6.7,Noida
829,Pooja Patel,candidate829@email.com,9142948097,13.5,Pune
830,Isha Malhotra,candidate830@email.com,9753403749,9.2,Mumbai
831,Swati Iyer,candidate831@email.com,9273960235,4.8,Pune
832,Kavya Bansal,candidate832@email.com,9562463832,4.3,Noida
833,Aarav Chatterjee,candidate833@email.com,9312695036,0.5,Noida
834,Priya Singh,candidate834@email.com,9912779275,8.8,Noida
835,Riya Malhotra,candidate835@email.com,9425425458,12.7,Bangalore
836,Vikas Kulkarni,candidate836@email.com,9267706832,3.8,Bangalore
837,Neha Bansal,candidate837@email.com,9508818601,7.4,Noida
838,Rohit Chatterjee,candidate838@email.com,9892768822,14.8,Noida
839,Rahul Naik,candidate839@email.com,9142127047,6.2,Bangalore
840,Karthik Banerjee,candidate840@email.com,9693075205,14.1,Chennai
841,Neha Verma,candidate841@email.com,9433844532,12.5,Pune
842,Aarav Gupta,candidate842@email.com,9775872788,7.7,Noida
843,Riya Das,candidate843@email.com,9785385408,9.7,Hyderabad
844,Pooja Naik,candidate844@email.com,9292920910,1.5,Pune
845,Rohit Reddy,candidate845@email.com,9706180787,8.0,Pune
846,Nikhil Banerjee,candidate846@email.com,9344442652,11.5,Pune
847,Priya Reddy,candidate847@email.com,9712210285,3.8,Bangalore
848,Neha Malhotra,candidate848@email.com,9634607216,1.2,Bangalore
849,Vikas Kulkarni,candidate849@email.com,9869480057,0.9,Hyderabad
850,Kunal Gupta,candidate850@email.com,9659182595,2.8,Pune
851,Vikas Kapoor,candidate851@email.com,9373491801,3.9,Pune
852,Swati Reddy,candidate852@email.com,9567005028,12.2,Bangalore
853,Kunal Chatterjee,candidate853@email.com,9819550596,7.2,Mumbai
854,Riya Malhotra,candidate854@email.com,9834791221,8.3,Pune
855,Nikhil Agarwal,candidate855@email.com,9717697115,5.0,Noida
856,Kunal Kapoor,candidate856@email.com,9474777903,4.8,Bangalore
857,Pooja Reddy,candidate857@email.com,9101043422,8.5,Noida
858,Karthik Banerjee,candidate858@email.com,9220121770,11.3,Pune
859,Karthik Das,candidate859@email.com,9995795503,3.1,Mumbai
860,Suresh Kapoor,candidate860@email.com,9920020568,6.8,Pune
861,Aarav Naik,candidate861@email.com,9933731892,9.8,Bangalore
862,Pooja Reddy,candidate862@email.com,9803751128,14.4,Hyderabad
863,Nikhil Singh,candidate863@email.com,9407449993,4.4,Chennai
864,Kavya Kapoor,candidate864@email.com,9146127709,6.2,Chennai
865,Riya Gupta,candidate865@email.com,9728271659,8.8,Pune
866,Pooja Mehta,candidate866@email.com,9752177008,2.6,Mumbai
867,Nikhil Banerjee,candidate867@email.com,9847328970,9.4,Bangalore
868,Rahul Gupta,candidate868@email.com,9150838227,14.6,Chennai
869,Isha Singh,candidate869@email.com,9362483782,4.5,Mumbai
870,Kunal Bansal,candidate870@email.com,9831292320,7.5,Mumbai
871,Pooja Sharma,candidate871@email.com,9219386478,2.2,Hyderabad
872,Aarav Iyer,candidate872@email.com,9139868892,8.0,Pune
873,Amit Joshi,candidate873@email.com,9949799643,14.6,Pune
874,Karthik Patel,candidate874@email.com,9442041959,8.4,Noida
875,Isha Mehta,candidate875@email.com,9325635207,3.6,Bangalore
876,Ankit Kulkarni,candidate876@email.com,9934426872,5.0,Mumbai
877,Anjali Chatterjee,candidate877@email.com,9471153068,9.6,Chennai
878,Kunal Iyer,candidate878@email.com,9904796273,12.9,Noida
879,Neha Agarwal,candidate879@email.com,9192488735,7.1,Bangalore
880,Suresh Gupta,candidate880@email.com,9548004077,7.6,Bangalore
881,Swati Joshi,candidate881@email.com,9845903814,12.2,Bangalore
882,Vikas Kapoor,candidate882@email.com,9898791978,2.0,Chennai
883,Vikas Bansal,candidate883@email.com,9522662874,14.3,Bangalore
884,Amit Malhotra,candidate884@email.com,9902688736,7.2,Noida
885,Rohit Agarwal,candidate885@email.com,9760707971,5.3,Hyderabad
886,Rohit Naik,candidate886@email.com,9989855124,11.8,Chennai
887,Riya Reddy,candidate887@email.com,9337082902,4.2,Mumbai
888,Kunal Kapoor,candidate888@email.com,9401899366,2.6,Chennai
889,Kavya Agarwal,candidate889@email.com,9666210494,4.2,Pune
890,Rahul Kapoor,candidate890@email.com,9196565451,10.3,Pune
891,Anjali Mehta,candidate891@email.com,9474775163,2.0,Mumbai
892,Kavya Reddy,candidate892@email.com,9555240463,7.0,Mumbai
893,Kavya Kulkarni,candidate893@email.com,9575192106,3.9,Pune
894,Swati Sharma,candidate894@email.com,9465393827,8.4,Bangalore
895,Suresh Singh,candidate895@email.com,9842621891,2.5,Chennai
896,Anjali Kapoor,candidate896@email.com,9640172403,11.7,Chennai
897,Nikhil Malhotra,candidate897@email.com,9893077214,13.9,Hyderabad
898,Pooja Das,candidate898@email.com,9839179331,5.1,Bangalore
899,Riya Gupta,candidate899@email.com,9991194286,5.6,Pune
900,Suresh Chatterjee,candidate900@email.com,9774418480,9.2,Bangalore
901,Aarav Sharma,candidate901@email.com,9772107295,11.2,Noida
902,Shreya Verma,candidate902@email.com,9586169280,1.3,Bangalore
903,Sneha Patel,candidate903@email.com,9646167705,10.3,Hyderabad
904,Priya Kapoor,candidate904@email.com,9158304831,12.3,Mumbai
905,Kavya Mehta,candidate905@email.com,9826480841,12.0,Hyderabad
906,Rahul Iyer,candidate906@email.com,9849745798,6.9,Mumbai
907,Riya Mehta,candidate907@email.com,9321157513,12.4,Mumbai
908,Sneha Patel,candidate908@email.com,9559937729,8.4,Pune
909,Pooja Singh,candidate909@email.com,9822758207,3.2,Noida
910,Kavya Bansal,candidate910@email.com,9649628099,4.6,Mumbai
911,Swati Iyer,candidate911@email.com,9935640508,9.1,Chennai
912,Nikhil Das,candidate912@email.com,9237057384,8.5,Noida
913,Sneha Das,candidate913@email.com,9625607430,12.1,Bangalore
914,Karthik Agarwal,candidate914@email.com,9918107863,10.9,Noida
915,Rahul Joshi,candidate915@email.com,9303255121,3.6,Chennai
916,Nikhil Chatterjee,candidate916@email.com,9146913133,6.3,Mumbai
917,Kavya Banerjee,candidate917@email.com,9854561135,11.8,Hyderabad
918,Sneha Bansal,candidate918@email.com,9986025529,7.1,Hyderabad
919,Karthik Bansal,candidate919@email.com,9965149785,3.8,Hyderabad
920,Pooja Iyer,candidate920@email.com,9700357845,14.1,Bangalore
921,Kavya Patel,candidate921@email.com,9380458724,7.0,Mumbai
922,Sneha Iyer,candidate922@email.com,9287400977,5.0,Pune
923,Sneha Joshi,candidate923@email.com,9686696278,7.9,Pune
924,Kunal Gupta,candidate924@email.com,9275767448,4.9,Hyderabad
925,Rahul Banerjee,candidate925@email.com,9938441988,4.4,Chennai
926,Swati Banerjee,candidate926@email.com,9784528464,10.1,Hyderabad
927,Swati Verma,candidate927@email.com,9353406638,12.0,Chennai
928,Neha Joshi,candidate928@email.com,9684042105,6.4,Bangalore
929,Rohit Sharma,candidate929@email.com,9379470143,2.8,Pune
930,Rahul Iyer,candidate930@email.com,9368102662,7.4,Noida
931,Kavya Verma,candidate931@email.com,9163762124,6.3,Bangalore
932,Priya Agarwal,candidate932@email.com,9280443448,6.8,Chennai
933,Shreya Banerjee,candidate933@email.com,9484212527,4.0,Hyderabad
934,Shreya Mehta,candidate934@email.com,9472834321,11.7,Noida
935,Shreya Gupta,candidate935@email.com,9541992933,3.4,Noida
936,Vikas Verma,candidate936@email.com,9199363368,1.1,Mumbai
937,Anjali Kulkarni,candidate937@email.com,9316263329,10.7,Mumbai
938,Rohit Kulkarni,candidate938@email.com,9783442456,11.3,Pune
939,Rahul Das,candidate939@email.com,9433453524,4.0,Noida
940,Rohit Sharma,candidate940@email.com,9247307094,3.0,Mumbai
941,Pooja Mehta,candidate941@email.com,9246622911,8.9,Bangalore
942,Nikhil Agarwal,candidate942@email.com,9836835967,13.8,Mumbai
943,Karthik Joshi,candidate943@email.com,9859106280,4.2,Hyderabad
944,Suresh Das,candidate944@email.com,9622314468,8.3,Mumbai
945,Rahul Singh,candidate945@email.com,9819766064,4.3,Pune
946,Aarav Das,candidate946@email.com,9618378987,11.3,Bangalore
947,Isha Verma,candidate947@email.com,9355413796,7.3,Hyderabad
948,Kavya Bansal,candidate948@email.com,9857654885,6.0,Noida
949,Rahul Patel,candidate949@email.com,9359535841,10.0,Mumbai
950,Riya Banerjee,candidate950@email.com,9106313416,8.2,Bangalore
951,Anjali Gupta,candidate951@email.com,9653386717,3.4,Pune
952,Aarav Banerjee,candidate952@email.com,9842519419,6.5,Chennai
953,Shreya Mehta,candidate953@email.com,9577848416,14.4,Noida
954,Kavya Das,candidate954@email.com,9242917316,12.1,Chennai
955,Swati Patel,candidate955@email.com,9788171411,7.9,Pune
956,Amit Kapoor,candidate956@email.com,9477378410,10.1,Pune
957,Vikas Mehta,candidate957@email.com,9849525375,2.6,Chennai
958,Aarav Das,candidate958@email.com,9421448525,6.5,Hyderabad
959,Aarav Sharma,candidate959@email.com,9243236148,13.5,Hyderabad
960,Rohit Gupta,candidate960@email.com,9859903545,3.2,Noida
961,Vikas Patel,candidate961@email.com,9252351145,14.7,Noida
962,Kunal Kapoor,candidate962@email.com,9730881003,12.8,Noida
963,Aarav Naik,candidate963@email.com,9704804968,10.4,Bangalore
964,Isha Reddy,candidate964@email.com,9358525891,5.9,Bangalore
965,Anjali Kulkarni,candidate965@email.com,9458169874,1.8,Bangalore
966,Rahul Chatterjee,candidate966@email.com,9775814897,4.8,Hyderabad
967,Kunal Gupta,candidate967@email.com,9975521240,11.2,Hyderabad
968,Nikhil Agarwal,candidate968@email.com,9226670656,6.6,Noida
969,Kavya Malhotra,candidate969@email.com,9688689880,12.1,Chennai
970,Karthik Verma,candidate970@email.com,9555948606,3.6,Chennai
971,Rahul Sharma,candidate971@email.com,9916598955,12.4,Hyderabad
972,Rahul Sharma,candidate972@email.com,9281689180,13.0,Mumbai
973,Shreya Gupta,candidate973@email.com,9826950117,11.0,Bangalore
974,Neha Joshi,candidate974@email.com,9815683717,3.5,Mumbai
975,Nikhil Kulkarni,candidate975@email.com,9266205689,3.7,Hyderabad
976,Kavya Verma,candidate976@email.com,9742831274,1.4,Hyderabad
977,Sneha Chatterjee,candidate977@email.com,9595186977,1.2,Bangalore
978,Isha Malhotra,candidate978@email.com,9922656996,11.2,Mumbai
979,Kavya Kulkarni,candidate979@email.com,9536045305,7.6,Noida
980,Kunal Patel,candidate980@email.com,9992463026,11.5,Pune
981,Pooja Kulkarni,candidate981@email.com,9321540196,4.6,Mumbai
982,Riya Kapoor,candidate982@email.com,9222920082,5.5,Chennai
983,Neha Malhotra,candidate983@email.com,9841022051,13.5,Mumbai
984,Karthik Singh,candidate984@email.com,9410676615,15.0,Bangalore
985,Nikhil Naik,candidate985@email.com,9113283590,2.0,Noida
986,Rahul Singh,candidate986@email.com,9487063315,11.8,Bangalore
987,Shreya Sharma,candidate987@email.com,9622492085,8.6,Pune
988,Kunal Joshi,candidate988@email.com,9321655502,0.6,Noida
989,Isha Das,candidate989@email.com,9146596914,9.4,Chennai
990,Ankit Banerjee,candidate990@email.com,9164780823,4.6,Pune
991,Neha Banerjee,candidate991@email.com,9401595890,5.6,Hyderabad
992,Shreya Reddy,candidate992@email.com,9426314041,14.6,Hyderabad
993,Anjali Joshi,candidate993@email.com,9311648580,11.3,Hyderabad
994,Aarav Singh,candidate994@email.com,9218750843,1.3,Noida
995,Karthik Naik,candidate995@email.com,9853362865,10.4,Bangalore
996,Riya Kulkarni,candidate996@email.com,9431696721,0.7,Hyderabad
997,Isha Verma,candidate997@email.com,9581055796,13.3,Pune
998,Nikhil Mehta,candidate998@email.com,9221320311,9.2,Pune
999,Isha Mehta,candidate999@email.com,9273215586,9.6,Chennai
1000,Karthik Agarwal,candidate1000@email.com,9448397748,0.7,Bangalore
1001,Kavya Chatterjee,candidate1001@email.com,9577892955,1.7,Noida
1002,Swati Gupta,candidate1002@email.com,9603219240,8.1,Bangalore
1003,Swati Agarwal,candidate1003@email.com,9711158452,6.0,Mumbai
1004,Kavya Banerjee,candidate1004@email.com,9489742357,12.4,Hyderabad
1005,Vikas Reddy,candidate1005@email.com,9410854428,4.6,Mumbai
1006,Nikhil Verma,candidate1006@email.com,9280490998,6.3,Noida
1007,Neha Malhotra,candidate1007@email.com,9698645061,2.2,Bangalore
1008,Vikas Naik,candidate1008@email.com,9177114354,7.8,Pune
1009,Isha Sharma,candidate1009@email.com,9148941344,14.3,Pune
1010,Neha Malhotra,candidate1010@email.com,9111611611,4.4,Chennai
1011,Swati Gupta,candidate1011@email.com,9603060558,12.0,Bangalore
1012,Swati Chatterjee,candidate1012@email.com,9905784842,2.9,Pune
1013,Amit Reddy,candidate1013@email.com,9621328353,13.3,Chennai
1014,Neha Bansal,candidate1014@email.com,9190164017,7.9,Hyderabad
1015,Karthik Bansal,candidate1015@email.com,9902397362,2.3,Mumbai
1016,Sneha Kapoor,candidate1016@email.com,9870024622,11.8,Hyderabad
1017,Priya Iyer,candidate1017@email.com,9456187097,13.4,Mumbai
1018,Vikas Iyer,candidate1018@email.com,9893493029,2.6,Noida
1019,Vikas Gupta,candidate1019@email.com,9705218228,2.2,Noida
1020,Suresh Joshi,candidate1020@email.com,9383930486,4.1,Pune
1021,Pooja Chatterjee,candidate1021@email.com,9216825780,8.0,Chennai
1022,Neha Bansal,candidate1022@email.com,9792679173,14.3,Hyderabad
1023,Kunal Reddy,candidate1023@email.com,9624926948,13.0,Noida
1024,Rahul Kapoor,candidate1024@email.com,9566262030,5.2,Hyderabad
1025,Pooja Patel,candidate1025@email.com,9624354674,1.0,Pune
1026,Pooja Malhotra,candidate1026@email.com,9303805440,9.1,Chennai
1027,Amit Mehta,candidate1027@email.com,9941680617,8.8,Mumbai
1028,Sneha Sharma,candidate1028@email.com,9683118942,4.0,Chennai
1029,Pooja Naik,candidate1029@email.com,9445544119,9.3,Bangalore
1030,Priya Sharma,candidate1030@email.com,9108914347,14.7,Noida
1031,Rohit Verma,candidate1031@email.com,9485790595,2.6,Noida
1032,Vikas Kapoor,candidate1032@email.com,9197675808,5.1,Hyderabad
1033,Isha Iyer,candidate1033@email.com,9792033845,12.8,Pune
1034,Karthik Naik,candidate1034@email.com,9407061282,2.8,Pune
1035,Riya Patel,candidate1035@email.com,9774035277,2.4,Pune
1036,Anjali Mehta,candidate1036@email.com,9758585841,3.0,Bangalore
1037,Karthik Verma,candidate1037@email.com,9884520761,11.7,Chennai
1038,Sneha Iyer,candidate1038@email.com,9800728003,2.3,Hyderabad
1039,Suresh Banerjee,candidate1039@email.com,9850935054,1.8,Hyderabad
1040,Amit Sharma,candidate1040@email.com,9369951634,9.6,Noida
1041,Rahul Verma,candidate1041@email.com,9801231724,11.6,Bangalore
1042,Swati Chatterjee,candidate1042@email.com,9364128120,11.5,Bangalore
1043,Anjali Kapoor,candidate1043@email.com,9183907350,6.8,Pune
1044,Amit Banerjee,candidate1044@email.com,9248876950,13.8,Chennai
1045,Rohit Gupta,candidate1045@email.com,9902566478,2.7,Bangalore
1046,Karthik Singh,candidate1046@email.com,9129708842,6.9,Chennai
1047,Isha Reddy,candidate1047@email.com,9127158192,5.9,Hyderabad
1048,Amit Bansal,candidate1048@email.com,9931547062,8.4,Hyderabad
1049,Neha Kulkarni,candidate1049@email.com,9524421299,3.3,Hyderabad
1050,Anjali Kulkarni,candidate1050@email.com,9255839934,2.6,Mumbai
1051,Pooja Reddy,candidate1051@email.com,9418166193,14.8,Pune
1052,Ankit Kulkarni,candidate1052@email.com,9495016500,4.9,Bangalore
1053,Rahul Naik,candidate1053@email.com,9299431147,7.7,Pune
1054,Pooja Verma,candidate1054@email.com,9785155615,13.8,Bangalore
1055,Swati Sharma,candidate1055@email.com,9664183001,4.9,Mumbai
1056,Rahul Naik,candidate1056@email.com,9832378231,5.8,Mumbai
1057,Priya Kapoor,candidate1057@email.com,9280881645,8.7,Mumbai
1058,Rahul Patel,candidate1058@email.com,9209711807,1.5,Noida
1059,Kunal Singh,candidate1059@email.com,9942476069,0.8,Chennai
1060,Aarav Iyer,candidate1060@email.com,9871862896,9.7,Noida
1061,Nikhil Malhotra,candidate1061@email.com,9991628659,5.9,Mumbai
1062,Rohit Kapoor,candidate1062@email.com,9433234803,1.7,Bangalore
1063,Sneha Chatterjee,candidate1063@email.com,9897063427,4.7,Mumbai
1064,Karthik Banerjee,candidate1064@email.com,9762278682,10.6,Chennai
1065,Rohit Chatterjee,candidate1065@email.com,9450762957,11.5,Noida
1066,Kavya Banerjee,candidate1066@email.com,9507351399,7.8,Chennai
1067,Suresh Malhotra,candidate1067@email.com,9298151366,3.7,Mumbai
1068,Ankit Mehta,candidate1068@email.com,9795038485,12.7,Pune
1069,Aarav Malhotra,candidate1069@email.com,9986187861,3.5,Noida
1070,Vikas Verma,candidate1070@email.com,9482517093,11.5,Noida
1071,Suresh Reddy,candidate1071@email.com,9443764478,2.7,Pune
1072,Amit Chatterjee,candidate1072@email.com,9347203172,14.1,Mumbai
1073,Kunal Malhotra,candidate1073@email.com,9495701495,11.7,Noida
1074,Rohit Banerjee,candidate1074@email.com,9246396939,7.8,Noida
1075,Aarav Gupta,candidate1075@email.com,9691775847,6.8,Noida
1076,Anjali Singh,candidate1076@email.com,9496507110,8.8,Bangalore
1077,Sneha Reddy,candidate1077@email.com,9999603119,10.1,Hyderabad
1078,Kavya Patel,candidate1078@email.com,9992701217,8.6,Mumbai
1079,Pooja Mehta,candidate1079@email.com,9372247179,10.6,Pune
1080,Sneha Reddy,candidate1080@email.com,9357032001,1.8,Hyderabad
1081,Rahul Kulkarni,candidate1081@email.com,9161978611,6.5,Pune
1082,Anjali Agarwal,candidate1082@email.com,9144295062,11.4,Pune
1083,Kunal Malhotra,candidate1083@email.com,9215143845,6.9,Mumbai
1084,Kunal Naik,candidate1084@email.com,9708671451,14.6,Bangalore
1085,Riya Das,candidate1085@email.com,9961983426,8.2,Noida
1086,Ankit Mehta,candidate1086@email.com,9774536565,5.0,Pune
1087,Aarav Naik,candidate1087@email.com,9980182995,13.4,Bangalore
1088,Isha Joshi,candidate1088@email.com,9857604280,6.6,Hyderabad
1089,Sneha Kulkarni,candidate1089@email.com,9532956679,8.4,Chennai
1090,Karthik Kapoor,candidate1090@email.com,9154274416,9.8,Hyderabad
1091,Rohit Singh,candidate1091@email.com,9332402751,12.9,Pune
1092,Anjali Kapoor,candidate1092@email.com,9630836308,3.5,Noida
1093,Rohit Mehta,candidate1093@email.com,9554171324,13.2,Pune
1094,Priya Verma,candidate1094@email.com,9636366367,8.8,Noida
1095,Vikas Agarwal,candidate1095@email.com,9884647887,5.8,Bangalore
1096,Kavya Joshi,candidate1096@email.com,9269095509,5.4,Noida
1097,Rohit Naik,candidate1097@email.com,9421663206,14.7,Mumbai
1098,Vikas Chatterjee,candidate1098@email.com,9747063793,14.2,Hyderabad
1099,Riya Naik,candidate1099@email.com,9723968659,8.4,Bangalore
1100,Ankit Reddy,candidate1100@email.com,9772692977,5.5,Hyderabad
